question_number,question,category,difficulty,answer,session_id,timestamp,response_time_ms
54,Describe how to use the BigQuery API to manage datasets and tables programmatically.,BigQuery,Easy,"I can help with that!  I'll route you to Miguel, our BigQuery expert. He can provide detailed instructions on using the BigQuery API to manage datasets and tables programmatically. He'll also give you specific code examples to help you get started.  How does that sound?",final-sample-54-1741843297,2025-03-13T00:21:38.822540,1043
53,"What are materialized views in BigQuery, and how do they improve performance?",BigQuery,Easy,"That's a great question! I can help you with that.  Let me introduce you to Miguel, our BigQuery expert. He'll be able to provide you with detailed information about materialized views and how they improve performance in BigQuery.  Miguel, can you help out here?",final-sample-53-1741843299,2025-03-13T00:21:40.864685,1035
58,Describe how to implement data governance and security best practices in BigQuery.,BigQuery,Easy,"That's a great question! I can help you with that.  I'll route you to Miguel, our BigQuery expert, who can provide detailed guidance on data governance and security best practices within BigQuery.  He'll be able to give you specific examples of how to implement these practices in your environment.  How does that sound?",final-sample-58-1741843301,2025-03-13T00:21:42.933324,1062
69,How do I export a BQML model for use outside of BigQuery?,BQML (BigQuery ML),Easy,"That's a great question! I can help you with that.  Since you're asking about exporting a BQML model, it sounds like you're working with BigQuery ML.  Let me connect you with Miguel, our BigQuery expert, who can provide you with the most accurate and detailed guidance on this topic.  He'll be able to give you specific instructions on how to export your model and use it outside of BigQuery.  How does that sound?",final-sample-69-1741843303,2025-03-13T00:21:45.055647,1117
68,What are the different options for splitting data into training and evaluation sets in BQML?,BQML (BigQuery ML),Easy,"That's a great question! I can help you with that.  I'll route you to Miguel, our BigQuery expert, who can provide you with detailed information on BQML and how to split data for training and evaluation.  He'll also be able to give you specific code examples.  How does that sound?",final-sample-68-1741843306,2025-03-13T00:21:47.095804,1038
79,Describe how to use BQML to build a deep neural network model.,BQML (BigQuery ML),Easy,"I can help with that!  BigQuery ML (BQML) is great for building machine learning models, but it's primarily focused on traditional machine learning algorithms like linear regression, logistic regression, and clustering. While it can handle some aspects of neural networks, it doesn't offer the full flexibility and control you'd get with a deep learning framework like TensorFlow or PyTorch.

To build a deep neural network model in BigQuery, you'd typically use a combination of BigQuery for data preparation and storage, and then leverage a framework like TensorFlow or PyTorch for model training and deployment.
Would you like me to provide some resources on how to use BigQuery with TensorFlow or PyTorch? Or would you like to explore other machine learning capabilities within BigQuery?",final-sample-79-1741843308,2025-03-13T00:21:49.647488,1548
86,"What are the different materialization types in dbt (table, view, incremental, ephemeral)?",dbt (data build tool),Easy,"That's a great question! I can help you with that.  I'll route you to Isabella, our dbt expert. She can provide you with detailed information about dbt materialization types, including their differences, best practices, and code examples.  How does that sound?",final-sample-86-1741843310,2025-03-13T00:21:51.677316,1023
85,What is the difference between `dbt run` and `dbt test`?,dbt (data build tool),Easy,"That's a great question!  It sounds like you're working with dbt, which is a powerful tool for data transformation and modeling.  Let me connect you with Isabella, our dbt expert, who can give you a detailed explanation of the differences between `dbt run` and `dbt test`.  Would that be helpful?",final-sample-85-1741843312,2025-03-13T00:21:54.756500,2072
83,What is a dbt model?,dbt (data build tool),Easy,"That's a great question!  It sounds like you're interested in dbt, which is a powerful tool for data transformation and modeling.  I can connect you with Isabella, our dbt expert, who can explain dbt models in detail. Would you like to speak with her?",final-sample-83-1741843315,2025-03-13T00:21:56.732107,971
117,How can I troubleshoot connectivity issues with BigQuery Omni?,Omni,Easy,"I can help with that!  BigQuery Omni is a powerful tool for cross-cloud analytics, but connectivity issues can be frustrating.  To best assist you, could you tell me a little more about the specific problem you're experiencing? For example, are you seeing errors when connecting to your data sources, or are you having trouble running queries?",final-sample-117-1741843317,2025-03-13T00:21:58.808906,1070
102,What data sources can BigQuery Omni connect to?,Omni,Easy,"BigQuery Omni can connect to a variety of data sources, including:

* **Cloud Storage:** This includes data stored in Google Cloud Storage, Amazon S3, and Azure Blob Storage.
* **Databases:** You can connect to databases like MySQL, PostgreSQL, and SQL Server.
* **Data Warehouses:** BigQuery Omni can connect to data warehouses like Snowflake and Redshift.
* **Other Data Sources:** You can also connect to other data sources like Salesforce, Google Analytics, and more.
Is there anything else I can help you with?",final-sample-102-1741843319,2025-03-13T00:22:01.456295,1641
101,What is BigQuery Omni?,Omni,Easy,"BigQuery Omni is a feature of Google BigQuery that allows you to query data stored in other cloud providers, like AWS and Azure, directly from BigQuery. This means you can analyze data from multiple cloud environments without having to move it to BigQuery first.",final-sample-101-1741843322,2025-03-13T00:22:03.392827,933
124,What is a KPI (Key Performance Indicator)?,General Data Analytics,Easy,"A KPI, or Key Performance Indicator, is a measurable value that demonstrates how effectively a company is achieving its key business objectives. It's a way to track progress and measure success in specific areas.",final-sample-124-1741843324,2025-03-13T00:22:05.272763,873
129,Explain the concept of statistical significance.,General Data Analytics,Easy,"Statistical significance is a concept used in hypothesis testing to determine if the observed results of a study are likely due to chance or if they represent a real effect. It's a way to quantify the evidence against the null hypothesis, which is the assumption that there is no effect or relationship between the variables being studied.

To understand statistical significance, imagine you're flipping a coin. You expect to get heads 50% of the time and tails 50% of the time. But what if you flip the coin 100 times and get 60 heads? Is this just random chance, or is there something fishy going on with the coin?

Statistical significance helps us answer this question. It tells us how likely it is to observe the results we got (60 heads) if the coin were truly fair. If the probability of getting 60 heads or more is very low (e.g., less than 5%), we say the result is statistically significant. This means it's unlikely to have happened by chance alone, and we have evidence to reject the null hypothesis (that the coin is fair).
In essence, statistical significance helps us determine if the observed results are strong enough to support a claim about a population based on a sample. It's a crucial concept in research and decision-making, as it helps us distinguish between real effects and random fluctuations.",final-sample-129-1741843326,2025-03-13T00:22:08.510053,2231
125,What is the difference between descriptive and predictive analytics?,General Data Analytics,Easy,"Great question! Descriptive analytics focuses on understanding what happened in the past, while predictive analytics aims to forecast what might happen in the future.

Let me explain:

* **Descriptive analytics** uses historical data to summarize and describe patterns, trends, and insights. Think of it like looking at a rearview mirror to understand where you've been.
* **Predictive analytics** uses statistical models and machine learning algorithms to predict future outcomes based on historical data. It's like looking ahead and trying to anticipate what might happen next.

For example, descriptive analytics might tell you that sales were higher in the summer months, while predictive analytics could predict how much you'll likely sell next summer based on historical trends and other factors.
Does that make sense?",final-sample-125-1741843329,2025-03-13T00:22:11.103414,1588
